SEP=;
lemma;nr_occ;relevance;
result;4141;366.4372977088135;
section;2789;469.92857683466326;
example;2342;502.19528436149074;
consider;2080;617.9338718366148;
provide;2129;674.6057805750004;
problem;3107;681.5367229458494;
system;4908;706.8973158436015;
model;4760;719.8131538058568;
assume;1537;750.3430353954853;
base;1796;754.1266437434239;
information;3936;807.0292412327501;
define;1947;811.592510421567;
approach;2027;826.0719529623369;
function;3122;836.2222802640971;
require;1373;851.1493433930456;
exist;1126;961.8951328425168;
include;1044;1000.2615460871449;
compute;1779;1027.5251668415342;
algorithm;3529;1030.3877906277871;
represent;1344;1030.4788786111899;
show;940;1119.2316949200333;
similar;866;1133.972992225192;
process;1808;1134.5599731688242;
obtain;1076;1202.9869198017936;
increase;1149;1234.357414115751;
type;1872;1317.9231794349723;
determine;928;1340.6269353543778;
apply;836;1352.9319381517653;
design;1093;1396.8557557175782;
correspond;1089;1399.510981044546;
particular;774;1426.2368608117915;
perform;1141;1449.1519834738951;
achieve;879;1464.9736526164106;
datum;2919;1486.0910182342177;
contain;1147;1550.948416767704;
support;914;1604.6084666606316;
discuss;614;1611.640134274601;
previous;694;1647.839007009051;
future;630;1649.4253987946747;
introduce;611;1668.176508474526;
total;1010;1668.2231424827446;
research;765;1679.6489464163017;
relate;675;1712.1325813282915;
limit;746;1726.0562415874322;
solution;1786;1727.410315162434;
available;836;1742.227514421015;
multiple;687;1756.5518807793508;
propose;1128;1791.0781161190366;
focus;517;1841.280704852614;
reduce;708;1852.197836884853;
issue;820;1878.2786984505292;
current;890;1889.754815290802;
analysis;764;1901.4979587233229;
application;1346;1931.6208938877453;
method;2262;1938.5794079629825;
specific;524;1941.6374407688438;
technique;858;1943.2805045092107;
structure;1189;1962.58710560175;
accord;679;1971.7336931599793;
respectively;475;1995.5979404698128;
property;924;2056.341603311157;
detail;447;2063.5430864459527;
make;384;2130.482266640746;
main;451;2164.2299215099065;
knowledge;669;2172.4650311719497;
addition;478;2176.4204347303453;
condition;900;2210.9411984690796;
strategy;2828;2217.975880138252;
consist;487;2221.3258281231683;
observe;681;2262.225323999804;
implement;680;2264.5916986597767;
common;471;2290.885624692992;
individual;646;2299.417954924218;
evaluate;651;2304.839480413093;
performance;1950;2319.578418118167;
context;931;2331.008990224726;
standard;521;2334.2786272173194;
probability;1758;2344.9967128841586;
distribution;1521;2352.8306192985606;
various;427;2361.7181376077215;
occur;532;2364.135831343503;
assumption;613;2365.238914702683;
additional;508;2408.5439946693814;
directly;404;2415.317441896703;
optimal;1641;2423.135573123116;
extend;438;2466.1039366736763;
construct;608;2474.6079235074044;
efficient;703;2479.0613881868626;
definition;1029;2493.7637238941415;
parameter;892;2511.1961703245415;
effect;526;2511.7917378380425;
complete;671;2515.113630326352;
satisfy;938;2523.70833116913;
distribute;1143;2538.8302586804343;
associate;565;2562.732825005231;
framework;673;2578.6085853826485;
range;786;2597.9781328885215;
develop;445;2609.237553851565;
identify;509;2637.54521602213;
maximum;668;2670.9583894171196;
assign;622;2691.359367092928;
initial;495;2703.4844897105113;
refer;421;2710.759633920661;
solve;637;2717.170563469532;
denote;1059;2723.6078240777156;
basic;458;2764.269558339257;
simply;377;2778.0874179890566;
independent;349;2802.556450092974;
mechanism;2119;2803.892529862297;
benefit;456;2810.2314129552433;
generate;843;2834.2840765578926;
specify;615;2878.3358927821464;
instance;747;2895.856092591301;
respect;411;2948.2982579028053;
domain;1166;2968.2557153520925;
computer;423;2969.359611957088;
decision;673;2973.057897759567;
affect;401;2997.698156692286;
similarly;341;3009.571288861055;
network;2640;3027.609493606077;
constraint;1057;3028.9326074471355;
constant;414;3036.006793867414;
factor;529;3047.538531972581;
average;1108;3052.163030557563;
version;483;3057.047982987135;
combine;425;3066.6827866431795;
original;552;3101.8302379040815;
easily;251;3112.1953674669026;
decrease;426;3112.6175548310216;
behavior;691;3122.3233156684864;
necessary;330;3125.3123175576507;
usually;329;3148.3127241805582;
create;560;3171.335463898861;
experiment;1045;3172.312324977777;
description;363;3193.0639614865777;
attempt;348;3227.5361323038155;
combination;393;3233.894904302634;
implementation;489;3237.0802353070376;
indicate;453;3248.272912236233;
interest;430;3304.9376842973807;
conclude;218;3309.770876895657;
ensure;399;3313.9195940300633;
contrast;262;3330.7562414390295;
advantage;307;3342.353895491977;
actual;321;3347.0213714470583;
significant;437;3372.6284742885214;
involve;430;3378.5279033840225;
concept;710;3384.253582807865;
derive;404;3394.767355303832;
resource;2018;3399.0822891979287;
produce;419;3439.026147040186;
situation;363;3439.885482226572;
complex;295;3453.111932601511;
alternative;373;3455.900347707107;
demonstrate;319;3484.432615609274;
graph;1209;3516.2246161197786;
overall;387;3524.419299451059;
analyze;309;3530.257177116925;
recent;244;3534.4467064286487;
dynamic;653;3536.5696059764664;
become;283;3536.9283260344027;
relevant;926;3564.5282402577454;
difficult;304;3598.182637498646;
computational;411;3617.15162879187;
environment;1087;3622.6901711526275;
actually;259;3623.227774125427;
observation;528;3632.7448663857904;
conference;780;3679.0296523077336;
furthermore;289;3687.668458379771;
source;503;3688.510746568563;
node;4537;3694.1922168813803;
potential;370;3735.7050366331623;
component;573;3747.74497175158;
clearly;268;3766.63040203727;
express;293;3775.2962084639894;
linear;673;3816.256185788084;
science;268;3816.55589358352;
variable;677;3855.7268859363385;
program;790;3857.453782260853;
final;305;3858.9193669742062;
update;1119;3874.25390038926;
mention;184;3890.4414633675797;
area;548;3898.737009956325;
control;635;3902.0954139168916;
significantly;338;3972.9960242964607;
currently;270;3979.9260406355784;
natural;292;3982.79577290259;
appropriate;295;3987.7135504857956;
interaction;921;3995.720184078487;
illustrate;272;4014.234778724421;
requirement;387;4021.2814468652196;
feature;1277;4028.879929004234;
exactly;308;4040.43836769099;
input;511;4056.976353542294;
quality;787;4081.8095313003178;
random;649;4083.6206282472326;
purpose;218;4101.452934882458;
user;3035;4111.382603959676;
typically;239;4113.17935780293;
specifically;228;4157.201174457552;
complexity;640;4162.743913641605;
maximize;542;4170.070498617631;
international;472;4171.686750474517;
modify;313;4177.198681295198;
computation;442;4202.196674893113;
global;605;4211.0277586915645;
concern;277;4212.833297964065;
aspect;337;4229.81613372848;
theory;498;4231.982872865045;
press;248;4243.544245469642;
capture;297;4245.482600546418;
guarantee;326;4274.140893353497;
special;253;4285.326423217278;
avoid;307;4307.846364806045;
scenario;516;4312.540014513766;
positive;457;4314.590511439608;
local;1088;4316.139384099857;
communication;910;4326.077000132078;
journal;270;4326.804102736097;
proceeding;804;4328.851208664333;
link;710;4333.3610796580215;
maintain;452;4347.351957355051;
university;215;4368.963987160214;
discussion;186;4400.287161846305;
restrict;288;4428.255933503799;
zero;347;4429.971184682486;
relative;353;4478.350798331362;
estimate;947;4497.620994801459;
vary;335;4511.765945479882;
especially;195;4534.465209254975;
evaluation;732;4547.2311814473105;
comparison;350;4557.008411454894;
bind;662;4566.512387900446;
explore;247;4571.882071936638;
relationship;351;4597.123187448708;
scheme;789;4611.8850058544795;
exploit;277;4633.650010462377;
weight;719;4638.044482171663;
reflect;235;4652.865763983598;
way;213;4682.735548191493;
unique;280;4712.320601386376;
efficiency;396;4713.403539103322;
generally;221;4719.834005844091;
negative;357;4730.185052007663;
challenge;233;4732.963942639458;
practice;204;4733.951959135882;
enable;394;4739.253559063462;
differ;213;4742.014564223417;
management;494;4749.352292744749;
slightly;157;4778.1789200154935;
continue;153;4840.716901414721;
sufficient;213;4848.167993137868;
vector;1341;4862.653903060505;
explicitly;176;4864.6857591456765;
calculate;414;4872.4795597787615;
position;735;4925.860902317008;
representation;572;4940.5172094983545;
event;2221;4952.958125260632;
unit;505;4955.011130189079;
examine;270;4963.211463204337;
procedure;361;4965.653560250682;
element;502;4983.613675589121;
setting;304;5004.513296123874;
necessarily;171;5038.150771025298;
recall;403;5046.47349011565;
manner;185;5074.628650887521;
recently;148;5090.480966634661;
contribution;246;5100.63318755259;
organize;171;5113.647689446948;
yield;303;5131.99242108325;
collection;809;5142.585351483951;
minimum;332;5171.36043559108;
underlie;235;5172.958183137615;
efficiently;221;5211.206568889193;
influence;283;5219.776786284046;
imply;364;5231.457968695972;
investigate;245;5242.658393720792;
possibly;166;5244.090138207268;
action;1303;5257.92869555668;
approximate;302;5267.755811071718;
technical;202;5280.781771124728;
access;584;5280.926512555595;
degree;318;5281.642057571274;
sequence;757;5321.435001921813;
threshold;545;5323.994578855905;
reveal;253;5332.830205255527;
impact;305;5338.809813265108;
completely;145;5368.905408233075;
establish;229;5429.0996641650945;
collect;275;5496.893700758188;
index;1314;5512.021924988461;
regard;212;5533.971632858099;
target;476;5543.54955085977;
highly;223;5554.882951963588;
ability;219;5561.524240809803;
technology;439;5561.691600268905;
entire;229;5567.103267378307;
reasonable;192;5573.349759513715;
item;970;5596.219166779205;
formally;262;5618.867279173339;
response;556;5654.948082862032;
conclusion;142;5656.338863800618;
adopt;214;5663.229835436445;
suggest;366;5673.123433796894;
project;226;5685.344210743452;
literature;203;5688.814338057975;
adapt;163;5691.218286752255;
previously;182;5704.066833075361;
employ;312;5722.642072411526;
principle;153;5776.650060919235;
optimize;256;5778.362020530005;
nature;174;5785.507250205166;
equation;440;5827.250565784611;
replace;175;5827.767281102571;
experimental;269;5853.56543734965;
summarize;152;5873.377783845792;
bound;505;5877.340365634132;
relatively;219;5892.937221281515;
ignore;167;5894.272277073443;
scale;294;5898.482633194973;
minimize;260;5909.926818264788;
improvement;497;5937.187099962454;
sample;484;5947.150020108542;
output;363;5971.589632896684;
prefer;304;5973.632004784497;
relation;472;6028.180052326729;
extension;185;6088.902708791217;
operation;666;6148.127427308735;
proof;999;6161.857364400907;
incorporate;196;6182.6563977068845;
possibility;191;6205.627707047487;
difference;188;6210.9441264508205;
proceed;188;6213.007856429465;
error;848;6253.155080634509;
map;223;6290.02448493195;
consistent;248;6292.29219565982;
typical;157;6326.77227336338;
practical;129;6350.062188076451;
pattern;221;6352.848610136189;
simplify;141;6357.74669470485;
basis;141;6367.522688519432;
essentially;134;6377.9203508829205;
rely;190;6405.404015475415;
effort;210;6425.27638040315;
objective;348;6438.461159350175;
prior;279;6450.055658365524;
equivalent;222;6463.2056740219905;
notation;142;6496.714161904182;
randomly;239;6497.066825655234;
notion;289;6551.39404579405;
identical;170;6568.074233909086;
effective;299;6584.646447317847;
traditional;214;6614.762849803293;
period;391;6623.142200779706;
understand;125;6661.033019560937;
role;420;6661.248603903283;
workshop;188;6698.576616511561;
ratio;484;6758.166733200464;
interval;382;6776.912951533221;
straightforward;129;6794.260456812641;
characterize;168;6800.864459525438;
perspective;165;6813.559544285538;
min;258;6833.108415461762;
namely;156;6883.621251537821;
participate;203;6886.81367321468;
potentially;123;6897.208851319966;
distinct;135;6915.817783964514;
interact;199;6990.657903992473;
meaning;166;7048.737897403401;
variety;118;7067.119133091833;
simulate;197;7125.613396592381;
theoretical;124;7127.689795694249;
arbitrary;233;7135.011550168214;
advance;283;7154.511494517269;
bodyweight;418;7174.864765234632;
desirable;125;7220.05841123229;
lack;136;7235.43519187704;
label;522;7265.7713191351695;
eliminate;256;7303.009076298188;
introduction;100;7304.920316750341;
get;153;7306.005471600952;
initially;137;7334.718737153907;
tend;178;7363.043146548974;
conduct;178;7370.079883593063;
importance;135;7430.6943249391925;
simplicity;116;7435.044238791528;
predict;317;7451.635032195927;
construction;159;7453.832437229444;
explicit;198;7492.536264382059;
selection;357;7573.260179299926;
existence;157;7609.762015781124;
location;846;7619.60035497883;
topic;1118;7664.940475748802;
come;107;7700.840439093379;
approximately;170;7702.526733972157;
effectively;139;7704.286338212313;
utility;1503;7753.194591321718;
class;241;7771.305778942573;
joint;531;7800.856147500233;
accurate;210;7810.228096158898;
distinguish;122;7823.659570552784;
argue;118;7842.0930127641;
reduction;155;7855.0408967667545;
exhibit;143;7866.559648167303;
immediately;123;7867.772279299481;
suitable;103;7878.237015150414;
seem;146;7936.129463391324;
subsequent;128;7940.94916471641;
request;791;7941.227793417755;
preference;710;7947.476018894609;
regardless;108;7949.687268399315;
comment;127;7974.580991417883;
respective;168;7990.221144984811;
balance;213;8017.514176150825;
consequently;147;8029.750087186481;
query;5522;8029.93545974359;
particularly;118;8040.365816666494;
consideration;122;8101.821350077095;
transaction;257;8140.485849077604;
approximation;341;8140.773640150599;
variation;139;8203.19028319653;
metric;479;8212.147344411087;
characteristic;217;8253.90291210267;
precisely;112;8269.627011039664;
successful;147;8276.760527303837;
distance;487;8330.657593831203;
theorem;993;8332.33334174281;
verify;122;8337.383261382844;
heuristic;358;8393.637405152238;
omit;119;8394.815875508093;
deviation;203;8403.587095213574;
accuracy;580;8453.54158758049;
fundamental;98;8465.401425851422;
category;247;8470.140001454345;
know;165;8497.465617361908;
presence;148;8516.17247934608;
discrete;140;8516.223077185636;
partial;163;8528.27686122732;
organization;205;8552.246561884593;
submit;238;8621.127626168114;
content;677;8662.65059813636;
automatically;185;8668.932994777715;
normalise;279;8670.663124793164;
motivate;122;8715.155622303711;
former;95;8728.72069161511;
simulation;448;8745.593204945366;
connection;242;8773.397944328279;
entry;186;8798.275160534427;
formula;417;8806.237007730288;
summary;329;8810.64199375819;
adjust;145;8820.941701553626;
extremely;86;8854.25907815322;
pi;600;8876.058620479846;
compose;143;8930.247732780485;
product;338;8932.86746764454;
equally;98;8938.293982426174;
outcome;733;8973.514829121918;
widely;94;9001.4417883691;
percentage;221;9016.243734816568;
place;217;9052.875537773636;
series;105;9081.126746141163;
realistic;113;9135.833216342678;
simultaneously;125;9153.624967536949;
integer;176;9154.70745707828;
development;228;9200.972195303653;
aggregate;462;9227.90692490684;
constrain;135;9251.035269343156;
binary;185;9258.817436702615;
critical;111;9278.075999899087;
detect;360;9279.162273704706;
dimension;224;9287.353405763657;
foundation;76;9299.396795692764;
minimal;140;9300.651826909236;
active;291;9331.089980900595;
entity;562;9340.179835659048;
candidate;536;9358.94589244082;
perfect;187;9387.891197207658;
option;324;9407.511914496403;
exceed;136;9441.0507358539;
prevent;135;9457.033488512903;
impose;115;9462.79443431185;
closely;74;9468.578599169243;
match;599;9476.160009082234;
manage;182;9500.529952822839;
valid;203;9513.695350400612;
successfully;106;9522.043864817175;
attribute;778;9552.026708001715;
grant;89;9558.606666538051;
fraction;218;9568.418643511915;
interface;351;9571.701540269765;
intuitively;114;9574.833516115772;
society;85;9582.128161901215;
feedback;783;9589.388329328938;
briefly;77;9595.228238625317;
external;196;9599.980108126078;
independently;123;9625.680444851398;
matrix;393;9634.010891261021;
normal;204;9657.469410530346;
robust;253;9658.468303447538;
formulate;103;9696.55046798735;
remainder;92;9714.502366278199;
software;181;9737.311296548305;
send;327;9738.067839244453;
volume;254;9738.656482296321;
integrate;188;9741.82873903862;
converge;165;9754.595472535888;
carry;122;9771.822425995373;
editor;184;9794.3005121371;
incur;165;9829.645501993788;
opportunity;164;9861.109059528704;
phase;256;9886.761083813291;
contribute;127;9895.397197863598;
statistic;194;9900.41159587619;
adaptive;296;9902.61483164476;
unfortunately;107;9925.384662302644;
activity;346;9932.809755388125;
operate;177;9972.255323569438;
consequence;142;9994.035914894122;
claim;298;10001.804173969307;
obvious;88;10014.816627908875;
overview;105;10023.72076581637;
human;349;10042.144162661036;
constitute;111;10043.136018330679;
mainly;105;10212.80450787498;
participant;282;10269.763422637025;
similarity;531;10271.39312569842;
object;889;10288.362498386123;
profile;676;10298.136297327419;
scope;153;10376.602140261159;
symposium;142;10384.878011643661;
store;246;10387.929772958983;
calculation;105;10407.191379891161;
expensive;109;10411.348720696067;
limitation;126;10424.894150417827;
modification;139;10425.432692778584;
dependent;122;10428.906268967698;
empirical;163;10451.579220975806;
execute;471;10468.649870964007;
variant;175;10523.615561785164;
community;134;10550.719143776814;
experience;246;10574.542618978012;
aware;93;10601.476262274744;
extract;232;10602.92023958103;
applicable;96;10606.133885786452;
interpret;191;10609.28596423796;
encode;162;10616.056021951701;
popular;131;10616.402154507801;
difficulty;111;10637.419952422151;
transform;183;10648.673793450404;
reference;213;10669.298385528973;
partition;219;10687.286810132331;
depict;132;10707.637011885558;
obviously;105;10728.58140694494;
choose;145;10756.087486254217;
success;207;10764.080589989062;
subsection;103;10785.71050971814;
code;320;10803.312273036894;
anonymous;119;10807.29213036271;
proportional;96;10845.748889578135;
assignment;359;10854.220263473835;
parallel;221;10879.773208299262;
restriction;133;10925.071581956034;
supply;135;10933.631908322859;
prediction;506;10943.509442110402;
continuous;182;10959.078918976675;
allocation;1064;10996.037643783493;
force;112;11008.741953244302;
preserve;99;11035.490275924807;
generic;126;11093.022732298175;
core;216;11123.883302193537;
classify;187;11125.582086628488;
additionally;113;11135.432349968762;
semantic;432;11137.013561022375;
belief;356;11200.928235508865;
demand;388;11203.667597645148;
utilize;145;11206.67731801028;
execution;550;11210.439126027873;
overlap;187;11215.584566434614;
filter;407;11218.233584084126;
comprise;71;11231.2626383297;
generalize;250;11235.694066718805;
induce;155;11248.475447544903;
realize;127;11264.041261836956;
hypothesis;374;11313.222624557946;
survey;83;11313.935407802708;
insight;88;11336.8830291329;
argument;551;11384.61212329875;
expand;174;11415.295779580703;
naturally;83;11421.007056539876;
configuration;273;11446.391407197225;
plot;107;11476.393144990747;
acquire;113;11498.13236169256;
commonly;77;11507.031234278607;
infer;115;11643.567283477012;
density;168;11647.88413176363;
feasible;231;11653.357504641288;
correctly;93;11656.014536026938;
primary;116;11691.021886403807;
expression;119;11705.125017251794;
agent;9118;11781.843616391356;
exponential;204;11888.396749687983;
memory;302;11889.565913721743;
probably;58;11924.30072583673;
immediate;135;11938.890128709507;
cluster;944;11968.44839821739;
transfer;291;12000.018416752864;
maximal;174;12003.761531988905;
inherent;47;12018.445099229346;
national;81;12039.291251819786;
sophisticate;72;12055.805378997778;
artificial;166;12118.113303840806;
exception;73;12127.668269908569;
separately;63;12168.59295266108;
mit;61;12174.95134029737;
strictly;122;12190.485015055436;
translate;81;12206.135251089645;
emphasize;63;12215.637400700163;
estimation;212;12231.831594303125;
internal;162;12241.139706133328;
abstract;146;12262.678726350203;
competitive;255;12292.941857376272;
indicator;110;12313.359767779735;
implication;77;12343.95225742495;
aggregation;410;12366.628201227883;
central;124;12389.594734975357;
precise;76;12421.754472480978;
accordingly;63;12520.007098092583;
transition;391;12545.657457300884;
inform;178;12603.0392747272;
coefficient;132;12672.426882819886;
presentation;82;12697.088119932981;
researcher;89;12707.271003779812;
capability;170;12712.155181548223;
capable;82;12720.863224816463;
effectiveness;250;12732.235358978278;
uniformly;106;12742.450937384525;
annual;157;12787.370676849057;
intelligence;172;12812.445891698808;
absolute;125;12839.227012820495;
intuition;82;12868.828712326165;
usa;110;12913.118261969033;
extent;105;12928.421897979202;
accurately;69;12935.001501833513;
bring;53;12949.781722151896;
quantify;102;12953.430039341509;
specification;211;12972.303711695455;
agreement;187;12982.4673180548;
economic;209;13028.449362833775;
dominate;205;13058.809532784342;
entirely;51;13081.945901344972;
symmetric;142;13089.98950200566;
kind;112;13108.21304220716;
personal;145;13114.73213790156;
roughly;71;13141.394569654949;
frequently;99;13182.928889963983;
region;231;13187.311541412466;
lie;102;13195.926092576461;
precede;68;13210.538613593968;
strongly;86;13233.304526425294;
novel;105;13267.742355415134;
measurement;170;13304.4449434067;
draw;84;13370.875916200064;
protocol;1224;13425.994219721804;
locally;151;13523.485527044133;
coordinate;142;13524.445565213262;
motivation;55;13526.062067870409;
refine;77;13543.015810804594;
social;530;13557.194368717936;
encourage;53;13567.767506674403;
convergence;128;13582.291119741541;
likelihood;138;13592.404215818819;
convert;89;13605.98681888808;
monitor;370;13623.439626144369;
beneficial;88;13624.11703022811;
intermediate;112;13664.671140013326;
sequential;138;13671.585808563716;
exclude;63;13688.867473580642;
adaptation;207;13696.935195587102;
frequency;348;13711.097764612825;
classification;381;13720.196171808566;
encounter;85;13795.60789085885;
cycle;450;13807.472028350818;
incremental;144;13862.052547848683;
leave;71;13907.110568782342;
substitute;90;13934.139161496076;
site;464;13961.69933649233;
pursue;51;13964.952865875286;
flexible;94;14015.887031548891;
sufficiently;83;14017.08599184083;
crucial;78;14068.130291477391;
heavily;53;14127.750717897195;
generality;120;14128.206772200647;
rank;1502;14146.650132152445;
acknowledgment;54;14166.759641340786;
strength;65;14178.029023081044;
engineer;85;14178.980068057395;
confirm;87;14213.96300028345;
recognise;55;14282.119726701918;
usage;125;14344.811791470713;
unlikely;55;14406.236596655304;
evidence;163;14451.487818379059;
medium;118;14465.90671714331;
formal;148;14493.477099264963;
union;89;14579.166779205245;
comparable;73;14594.383104076172;
logical;126;14613.24445011672;
policy;873;14629.048429678724;
correlation;371;14632.747006350144;
magnitude;67;14640.835568522638;
concentrate;52;14653.784455726334;
dominant;149;14674.285664464867;
confidence;217;14692.555914359873;
analyse;93;14698.65129562821;
statement;115;14746.7149870222;
sensitive;74;14761.286198713944;
department;65;14769.570255979508;
complicate;62;14800.11783308575;
acceptable;115;14810.831316790409;
partially;68;14868.410862767736;
facilitate;91;14874.982212473826;
automate;108;14914.695163413437;
hybrid;61;14957.02680297933;
statistical;139;14981.499295830037;
contrary;46;14982.601712861899;
reviewer;53;15003.79616023317;
fairly;51;15011.711294767476;
uncertainty;136;15022.447436569053;
dependency;198;15041.912396507792;
representative;91;15078.540709037565;
publish;165;15103.0609370432;
relax;82;15131.0982869897;
complement;72;15234.060135669584;
portion;124;15239.546146505936;
independence;91;15269.977788594673;
respond;90;15279.194626938322;
generation;201;15311.432479078954;
regular;117;15374.07899169391;
considerable;42;15436.863230752564;
default;106;15453.767896973033;
overcome;73;15491.50675008867;
perceive;110;15524.011073796122;
oppose;65;15529.095986750623;
classical;142;15530.224074450576;
intuitive;60;15615.742163975881;
unable;54;15632.132740118988;
disjoint;115;15637.459730233897;
methodology;93;15640.245083795484;
extreme;65;15671.50272244425;
distinction;35;15708.3276371499;
reliable;81;15711.80285912297;
brief;45;15721.926107416713;
operator;185;15746.52287550661;
boundary;176;15785.705173163482;
failure;330;15842.191387311288;
interpretation;98;15857.567565441801;
finite;280;15865.711664289753;
meaningful;61;15887.553024962788;
alternatively;56;15887.764649925874;
signal;318;15980.186458863564;
surprisingly;40;16068.910787824463;
trivial;62;16080.118910488052;
retain;78;16143.912090798598;
transformation;135;16180.694670717066;
essential;74;16196.406992429987;
server;1178;16210.160117416075;
commercial;81;16216.673211712521;
traffic;217;16257.762769665931;
complementary;68;16287.525008050838;
initiate;106;16345.49392811085;
incomplete;95;16353.535678192102;
conflict;309;16368.600586486764;
equal;73;16377.834958588277;
conditional;199;16389.679242790975;
phenomenon;58;16451.25506534905;
propagate;215;16452.957975374087;
display;272;16472.146833906416;
decompose;64;16515.21387622933;
enforce;83;16637.55289140052;
absence;61;16670.35371740895;
cooperative;138;16679.829473631096;
allocate;296;16693.353048113582;
locate;162;16700.035815464435;
private;241;16729.20023358557;
primarily;53;16782.75892455661;
extensive;88;16864.840634984706;
trend;73;16874.95193539148;
generalization;85;16890.209412281496;
investigation;68;16898.211969256932;
schedule;577;16976.615238267666;
gap;80;16979.611998640634;
expectation;172;16992.830346237923;
indication;42;16999.76489924211;
intelligent;72;17089.037804058215;
succeed;79;17093.11928297838;
alternate;78;17108.370133695833;
document;3261;17136.203455404302;
emerge;65;17219.220977289962;
infinite;151;17232.435608888125;
temporal;219;17276.016147678318;
correlate;138;17290.67965089791;
solely;39;17296.436983095467;
deploy;205;17349.0643042964;
greatly;47;17357.76960508605;
drawback;41;17375.81213428054;
electronic;169;17383.722775186507;
begin;45;17398.865520603464;
enhance;94;17412.053285409213;
augment;84;17441.48823390612;
arbitrarily;54;17444.227331885915;
shift;45;17704.14115602596;
capacity;171;17720.06080644898;
strict;104;17725.06284846767;
flexibility;111;17733.490075581405;
individually;74;17742.768861589422;
mode;173;17803.838085429394;
reality;41;17810.49423233602;
storage;446;17933.705879559482;
discount;148;17950.95708792701;
span;68;17991.44330652689;
modern;41;17992.049216212086;
behaviour;229;18013.023870545512;
adjacent;81;18031.66734090879;
frequent;93;18051.16869804984;
destination;194;18061.024691211453;
physical;166;18134.042889812612;
address;86;18157.95406941973;
implicit;275;18158.208848351915;
european;37;18166.073436987546;
bias;126;18183.20335300656;
risk;153;18248.77988047661;
increment;48;18269.93135344583;
inspire;51;18335.11390338699;
architecture;474;18337.584748969715;
grid;566;18351.210050412337;
handle;65;18388.52453613082;
discard;75;18488.339632525676;
channel;235;18504.413778877275;
manipulation;56;18521.206230531443;
ease;66;18523.602993575656;
thesis;37;18564.885685538025;
cumulative;86;18586.712017487753;
delay;302;18593.89363249303;
format;94;18672.325912712604;
merge;121;18691.748456242774;
normally;50;18696.66978806636;
mathematical;58;18734.911035656674;
consistency;170;18746.327991831924;
setup;62;18772.327303244227;
circumstance;42;18974.69601969598;
prototype;110;18977.48765958836;
reverse;61;18979.10635266672;
explanation;74;18985.10192136744;
academic;48;18997.738299574234;
mutual;89;19014.889150736893;
invoke;88;19048.93158643779;
extensively;42;19068.67848593812;
resolve;98;19070.832690997755;
progress;47;19127.436367225007;
largely;44;19191.32031200146;
differently;48;19193.828538695216;
mobile;300;19199.20290631497;
terminate;103;19222.69262721435;
evolution;71;19233.150033464768;
assessment;60;19248.624115706476;
feasibility;57;19258.15069830806;
lecture;30;19299.15918693227;
continuously;56;19302.489309824396;
eventually;71;19316.961774478626;
int;91;19385.705701476458;
substantial;62;19524.19610799548;
preliminary;42;19615.250071604216;
empirically;57;19628.90782719417;
marginal;167;19637.351360776916;
implicitly;63;19666.76184660225;
round;132;19673.4713738957;
unchanged;46;19675.256858051504;
theoretically;37;19692.608094170304;
justify;86;19704.973234121302;
purely;38;19718.583419283128;
versa;35;19727.516770226892;
vice;35;19727.516770226892;
importantly;39;19771.450023224996;
formulation;179;19798.070639600024;
proposal;288;19816.830082081433;
majority;89;19845.347506763446;
occurrence;176;20008.84495053002;
reject;139;20036.536322259042;
centralize;203;20043.42565107896;
concrete;75;20103.888238061387;
consecutive;56;20138.68165878402;
significance;55;20140.161861145698;
substantially;51;20211.463796462973;
designer;138;20256.674127356076;
attach;66;20302.76616659964;
reliability;60;20377.508982062587;
homogeneous;61;20430.79418054354;
manipulate;65;20436.241931725937;
appropriately;42;20444.720317640757;
opinion;197;20457.93496407917;
likewise;31;20476.875938460442;
priority;166;20495.238793012617;
population;135;20514.85545742851;
formalize;54;20539.351472078808;
insert;128;20543.151106414996;
ultimately;33;20551.96956264293;
applicability;26;20553.883052877303;
unnecessary;48;20566.639605961627;
negligible;47;20597.836168068825;
open;52;20605.57529721315;
norm;221;20615.947242903763;
discovery;156;20662.32225755851;
violate;87;20670.40067938674;
strategic;226;20700.194264836173;
institute;48;20733.001277745705;
experimentally;33;20809.246345216914;
duration;185;20818.353068889934;
prove;44;20838.132835096603;
considerably;44;20902.5749766637;
heterogeneous;95;20929.77915478828;
arise;50;20936.86247686776;
conjunction;82;20981.136039107034;
communicate;254;20985.34761361326;
acknowledge;37;20989.890137613656;
compact;102;20995.187202360194;
subsequently;41;21052.919451563645;
sequentially;37;21069.287195978886;
identity;122;21179.549742299023;
compete;73;21201.88223814746;
expert;307;21213.682206389323;
digital;65;21234.221004002415;
newly;84;21257.45866618782;
formation;86;21294.640827314375;
propagation;211;21506.870869030325;
detection;443;21614.859729937092;
coverage;114;21617.347064523932;
route;407;21629.304839554614;
intersection;44;21649.16212678621;
leverage;85;21660.977589735296;
convenient;41;21724.007249463153;
static;245;21749.937443885297;
penalty;97;21834.017167203638;
cpu;92;21838.30337482173;
quantity;181;21842.311815957128;
dual;133;21883.193306155885;
slot;267;21900.14343548868;
baseline;329;21967.06892851896;
validate;66;21996.037787733938;
highlight;54;22119.989208168667;
rarely;32;22120.253602100194;
assess;77;22192.540700133413;
resolution;91;22205.570566140777;
forward;123;22236.418637575815;
structural;51;22281.85999706163;
completeness;40;22352.22308460576;
compensate;45;22397.221419529476;
burden;42;22411.691898557972;
publisher;77;22565.431317087216;
equivalence;100;22603.828838468307;
costly;44;22620.771190024978;
availability;175;22654.818644699135;
deviate;97;22670.263129542043;
variance;114;22703.542816353365;
material;64;22802.37372503684;
optimum;133;22819.095810151623;
device;333;22849.95571520369;
segment;248;22855.74433658879;
competition;134;23009.343627521543;
delete;109;23089.070160259882;
queue;172;23157.37380220615;
division;55;23185.371047855362;
comprehensive;38;23197.651884786217;
creation;53;23270.87627385014;
naive;62;23300.046102727192;
interestingly;36;23306.91677586619;
peer;470;23308.250530168007;
fund;47;23314.720850405807;
incoming;115;23318.28162346422;
hierarchical;149;23321.111355315705;
analytic;61;23356.344770220956;
collaborative;134;23461.427369580153;
contract;569;23463.546769796525;
text;460;23517.002870104756;
numerous;37;23554.105425150963;
accommodate;59;23593.92770125979;
conventional;39;23650.42977518502;
redundant;49;23705.30507551462;
precision;425;23720.25637277526;
diverse;39;23742.164897461276;
traverse;61;23905.33464323292;
tackle;37;23927.603187982957;
hierarchy;140;23986.727350436227;
classic;38;24073.254542972176;
originally;29;24115.705676248028;
preferable;30;24121.041141630914;
deliver;230;24145.855096810385;
proportion;97;24156.647333280896;
properly;38;24243.4421296949;
irrelevant;82;24356.995783884377;
numerical;45;24394.738689872862;
image;309;24495.405928383912;
inverse;132;24558.534139257958;
compatible;77;24660.153811792956;
expense;31;24711.787840787838;
stability;76;24736.758393275584;
additive;75;24745.72374277094;
usual;54;24751.670427681227;
severe;25;24762.963921863105;
reside;64;24837.213750087187;
reason;204;24849.437477275864;
integration;85;24874.48423297415;
status;117;24874.769526432716;
evolve;49;24949.879173635403;
anticipate;27;24950.5270545216;
functional;54;25066.393334945973;
suggestion;119;25081.254177901974;
sketch;57;25319.93275733368;
laboratory;34;25364.3723745739;
mark;62;25366.082459860827;
suit;27;25369.988230196053;
constantly;25;25404.074227972986;
determination;85;25457.537586648523;
permit;58;25464.758431860242;
analogous;73;25560.010999594862;
membership;77;25716.91518350714;
inference;49;25768.742585439042;
ideally;30;25776.49436589829;
visible;61;25779.676967780328;
indirectly;35;25806.689062585796;
unify;89;25845.840808615656;
identifier;101;25856.47301967966;
repeatedly;32;25904.97968666292;
inequality;191;25973.630992679304;
inefficient;29;25986.161797332614;
undesirable;28;26008.994445293636;
depth;62;26018.25971331601;
attain;28;26024.00129258596;
percent;35;26303.15692082577;
intractable;25;26312.930476386933;
exploration;55;26355.66895404419;
rapid;28;26407.048543948666;
popularity;104;26433.064632265974;
trigger;206;26493.17454956125;
geometric;35;26545.123702405457;
manually;66;26559.333070166194;
purchase;195;26562.343547384182;
essence;28;26604.44638736323;
energy;334;26641.88570334633;
integral;64;26668.689022517116;
liu;41;26782.58972342222;
conceptually;31;26915.285708985622;
movement;99;26923.997854099547;
historical;61;26948.513540988035;
indirect;43;26968.750615499455;
autonomous;392;26971.777437771114;
replacement;105;27013.46684316673;
agency;73;27030.036827569627;
production;38;27047.35455439917;
rewrite;24;27077.838121046;
appeal;27;27220.74202744556;
deterministic;130;27239.402460216996;
superior;29;27283.687640889642;
diagram;61;27314.38937705074;
convenience;41;27323.361297809726;
association;65;27343.69720691615;
adjustment;47;27366.003555724405;
excellent;28;27371.240768250173;
merely;36;27427.906105724924;
optimally;35;27441.371898201807;
accomplish;47;27479.463806851152;
embed;63;27498.654443245683;
mitigate;41;27548.0211384551;
layer;245;27559.229599476435;
minor;62;27560.1127443633;
opt;85;27578.003134261246;
interchangeably;17;27582.83500756111;
remote;281;27642.861872869496;
possess;84;27713.130901411754;
devise;41;27722.54335357049;
offset;38;27742.344336885595;
automatic;116;27746.234051552066;
enumerate;29;27791.784359264697;
dependence;60;27859.672628490614;
moderate;37;27894.475217520994;
isolate;46;27919.616857339173;
opposite;32;27939.939730768147;
universal;32;27946.15285014462;
advertise;277;28005.884930169195;
horizontal;43;28131.99896118235;
disadvantage;25;28235.57409515273;
growth;25;28241.555406823252;
responsible;105;28251.908098770782;
pose;42;28262.702546438857;
assist;47;28353.77986118428;
recommendation;438;28444.882825821445;
align;29;28512.597409188787;
revenue;391;28531.849448610432;
actively;21;28569.80643859178;
award;37;28602.350140908195;
statistically;79;28636.381746193103;
dictate;22;28647.463842467754;
trial;127;28663.65880331175;
problematic;29;28737.902768152224;
render;76;28744.717919456016;
familiar;37;28756.89750579883;
jointly;17;28790.875286973376;
graphical;118;28851.570325728695;
relaxation;115;28880.340966664342;
consumer;136;29110.52709310626;
chapter;51;29111.011769803947;
symbol;81;29150.975838585546;
yang;41;29161.500079395348;
fulfill;108;29194.31004699908;
differentiate;27;29213.479341627055;
institution;169;29240.568847639584;
commit;314;29280.245910397527;
carefully;28;29366.421722864226;
cancel;50;29376.829515183803;
commerce;109;29395.267703307745;
train;473;29404.871855907088;
reasonably;27;29417.963007703576;
finding;84;29419.64686136088;
release;75;29470.57614904362;
contradict;72;29477.11534140742;
removal;55;29490.028049560507;
array;47;29509.83000046005;
alter;41;29556.38829816441;
publicly;32;29596.078582102953;
mass;46;29597.04087302235;
conjecture;48;29787.28410475437;
usefulness;38;29804.092410249865;
convex;79;29839.054901512667;
rational;193;29871.593785199224;
acknowledgement;33;29874.235839802448;
dimensional;42;29888.695721406915;
advocate;29;29922.5196373636;
successive;23;29923.85672181799;
cooperate;86;29934.890757936195;
cooperation;106;29941.30473567285;
attractive;44;29955.11404585341;
primitive;50;29999.779876024535;
traditionally;26;30057.66348837934;
relevance;734;30065.403269010734;
increasingly;34;30067.70720627802;
deployment;141;30077.89238591185;
maintenance;61;30245.17756955255;
induction;93;30318.060715923442;
null;47;30322.848718470028;
mutually;46;30365.651064120277;
convey;27;30434.848019494155;
degrade;51;30455.900886408257;
welfare;214;30570.786187583755;
conversely;36;30610.635253315682;
subtract;23;30633.31950023967;
delivery;154;30686.72412119737;
face;29;30688.733055029137;
proxy;466;30730.82750284562;
terminology;25;30839.76085230536;
solid;26;30960.504259894366;
snapshot;28;31022.057037024944;
basically;26;31027.077656071222;
validation;113;31044.19860264186;
freely;20;31130.006994210817;
identification;70;31136.91145860386;
originate;49;31154.094122814957;
refinement;66;31203.24577238318;
virtual;205;31213.927009704043;
length;37;31220.045387427042;
decay;64;31328.1705144967;
quantitative;43;31350.956172283455;
adequate;30;31414.537456054302;
suffice;49;31447.60028374562;
counterpart;28;31497.577383752596;
lose;35;31576.04966141965;
termination;31;31576.96567746493;
industry;37;31850.014487054104;
coordination;124;31855.774616639188;
illustration;24;31860.23243396459;
shortcoming;24;31927.84100005491;
provider;339;31966.04931415775;
instruct;22;32185.8502766965;
clarke;25;32191.828860728685;
consume;60;32263.251993416863;
industrial;16;32298.192856496247;
coincide;33;32491.440889049823;
encompass;21;32493.768714670925;
inherently;25;32500.63933883709;
proposition;310;32553.107390000343;
processor;193;32567.11188066063;
accumulate;84;32583.2425535325;
react;39;32655.71186611718;
loosely;21;32824.55461138574;
correctness;72;32891.261321999336;
latency;306;32925.766656327956;
transparent;25;32940.48073512673;
spectrum;157;33021.89030234046;
vertical;44;33054.481730907646;
invariant;37;33068.14061287273;
median;59;33079.253576871764;
devote;15;33115.954108004385;
fundamentally;21;33146.304762385305;
resort;23;33180.08554069717;
characterization;102;33207.702509338225;
inclusion;39;33221.14047782644;
ongoing;27;33262.14134152911;
authority;153;33280.24722969594;
emphasis;21;33306.010564775475;
exploitation;17;33311.32201121033;
interactive;94;33311.84889210098;
lin;39;33384.97164769835;
recommend;101;33423.29368710516;
consistently;53;33495.025636535516;
mathematics;41;33642.93279888639;
unclear;23;33738.84030404709;
slight;34;33744.19759202069;
incorrect;27;33779.07749876455;
viable;25;33810.29684065873;
decentralize;84;33959.87233079516;
broadly;16;33999.73022944514;
legal;55;34001.79400988064;
collaboration;49;34024.07564966914;
periodically;61;34101.54882220339;
logic;323;34144.75834281873;
strategically;94;34161.97124552752;
election;69;34192.75550091045;
experimentation;25;34223.374922645184;
logarithmic;41;34247.548345831296;
appendix;53;34256.562000347265;
adversary;120;34339.81548075739;
environmental;57;34383.85334566064;
cope;29;34433.00440607085;
dedicate;39;34490.91597449258;
credit;116;34521.164499742525;
insufficient;32;34640.06650807384;
collective;47;34758.1828289379;
exclusive;30;34864.53988243552;
completion;90;34913.42741261688;
assure;15;35060.13943752476;
neighbor;80;35065.94549323804;
deletion;39;35084.24901943034;
taxonomy;144;35120.80866611362;
convention;19;35126.95518392266;
scientist;17;35173.72905706522;
deliberately;15;35195.981494205625;
manageable;14;35289.35561250914;
paradigm;42;35310.47062001089;
duplicate;64;35312.41693094682;
abstraction;143;35360.598367869075;
rare;44;35381.93493439867;
client;1018;35400.41222213483;
recognition;50;35703.47689892156;
secondary;70;35805.78953851268;
operational;51;35814.65480386381;
late;26;35879.09866541613;
atomic;81;35911.707428881804;
perfectly;18;35932.35196180713;
cache;630;35935.59671169694;
incentive;309;35950.580166299864;
locality;43;35968.104611905146;
simultaneous;39;35993.60045440852;
contradiction;90;36012.289334459216;
inconsistent;43;36151.17252683489;
gradually;35;36168.06010005298;
intent;34;36185.090838667165;
budget;230;36186.998944858075;
systematically;26;36218.063439109705;
serious;24;36316.35937302903;
separation;62;36393.894846425654;
ad;410;36471.52846879763;
retrieve;288;36720.938122084815;
undertake;21;36795.99790900848;
diminish;18;36805.11569015335;
subjective;75;36863.64256362387;
sponsor;53;36929.14433480796;
sender;203;36952.0679772588;
informally;21;36975.02193686066;
profit;349;36980.35023291776;
aggressive;29;37026.051332432035;
boost;43;37060.095970426344;
transmit;154;37164.847755337665;
forum;117;37328.20372252884;
exposition;20;37375.46484715282;
participation;29;37469.23838935776;
group;41;37496.21381686832;
consumption;57;37514.08865269803;
equilibrium;1577;37638.970073147604;
informational;50;37682.6333938321;
tolerance;26;37790.23655658662;
notable;18;37854.53188799171;
exclusively;22;37876.08007058024;
assistance;16;37955.49700449511;
satisfaction;64;37958.1483342559;
acquisition;27;37971.9136861257;
conversion;25;38028.7965208513;
recognize;30;38076.94518604482;
sec;119;38113.271597389896;
scan;299;38145.94705888464;
reuse;30;38203.37459022354;
matter;19;38318.42838168535;
equality;53;38355.73193755816;
privacy;160;38376.59073552742;
virtually;16;38405.08217789604;
simplification;21;38429.16688457104;
readily;34;38490.89442051041;
education;39;38605.25924288002;
payoff;734;38637.47043153969;
advertisement;89;38790.73641337819;
equip;47;38869.84658147373;
predictor;150;38930.75176858705;
viewpoint;28;39008.59833967259;
intersect;35;39053.777836973895;
alleviate;25;39125.86036361586;
prohibitively;15;39217.43854428999;
clarify;16;39256.94794929976;
clarity;69;39265.54962506103;
financial;52;39299.29463391324;
systematic;23;39325.40114388663;
terminal;16;39350.42079238042;
contact;131;39471.000154338624;
conservative;73;39495.38304471516;
enterprise;30;39571.176784503215;
nash;697;39620.01772371309;
utilization;105;39702.39228128808;
treatment;33;39762.957987246285;
comparative;23;39782.23639927995;
specialize;33;39785.25992107954;
sensor;1479;40051.55111799039;
fragment;79;40060.263424863064;
subtle;16;40076.894512519975;
disaster;26;40158.70309998026;
maximization;53;40214.65539450584;
vast;24;40368.62002424897;
expansion;322;40491.88881683122;
disseminate;55;40492.36099952066;
indicative;20;40495.87614919202;
compromise;96;40512.96613602872;
observer;21;40536.732544524464;
occupy;34;40558.66379854061;
receiver;382;40671.51694682589;
ordinary;19;40720.619181322654;
seek;12;40731.469455051105;
responsibility;37;40741.24777136514;
tolerate;18;40750.63259245848;
excessive;21;40830.60886883146;
regression;100;40852.190575549495;
inconsistency;122;40883.181899938114;
tendency;21;40946.89870637522;
qualify;19;40948.04104516927;
compensation;42;40955.20963340125;
attract;19;41029.41567991357;
facility;76;41031.97465581745;
width;47;41050.860995810595;
corporation;16;41161.8134743553;
totally;18;41169.928290417796;
solver;33;41303.91261911157;
concurrent;89;41340.18024970208;
character;125;41487.30761913383;
organizational;122;41512.85356084429;
professional;21;41614.81292378195;
expressive;66;41626.0874090849;
coalition;255;41631.609244289844;
dramatically;34;41839.11741607467;
overload;78;41879.61290538004;
exhaustive;30;41957.27859160071;
technically;18;41974.23293259706;
mixture;75;42194.436865857475;
extraction;121;42283.4289203865;
wireless;194;42366.09367909142;
suspect;21;42439.07278846853;
module;244;42445.92355637738;
decomposition;111;42457.580909796496;
speed;29;42518.87154426179;
official;24;42616.51996236512;
intrinsic;22;42640.831763482;
accessible;36;42693.201340668376;
replicate;147;42696.27792378937;
designate;39;42699.20750234105;
useless;15;42718.00865483503;
placement;107;42731.97314804784;
receipt;36;42793.90411713114;
observable;57;42829.143813915114;
term;27;42961.65693195596;
selectively;17;43004.71381315826;
reaction;17;43013.077518056874;
regularly;13;43089.890535332415;
tractable;39;43161.219065865494;
validity;59;43162.59595632811;
favorable;10;43214.81303211579;
prescribe;30;43243.29040444139;
envision;23;43311.091552483296;
economy;24;43354.63543139871;
dramatic;20;43456.35507974409;
correction;32;43523.827131839316;
thorough;17;43557.87753378754;
outgoing;60;43621.80867353375;
assemble;18;43782.05116176914;
anatomy;14;43828.60732544524;
evident;16;43846.032452663305;
translation;142;43888.64113747564;
symmetry;25;43912.35733546242;
corollary;97;43937.80893472218;
repetition;19;44017.444910758146;
degenerate;20;44106.15291544173;
secure;65;44136.16146194292;
stationary;27;44200.35087401665;
submission;48;44258.72576549731;
redundancy;85;44297.20180813631;
qualitative;25;44307.68799705569;
disk;92;44313.35888775279;
retrieval;1296;44340.55800089932;
exposure;111;44587.83357547678;
brevity;11;44625.70216059231;
inner;19;44737.56488826032;
perception;81;44743.66399888401;
poorly;36;44801.083025274434;
simulator;50;44855.96808752187;
vehicle;45;44918.894901334585;
imperfect;38;44923.68832205721;
paragraph;54;45064.795861944105;
stressor;22;45128.01740316364;
entail;18;45147.3297325935;
publication;55;45234.00158642295;
negotiation;906;45308.130408715384;
entertainment;21;45538.95748564577;
correspondence;48;45555.37985109291;
vertex;503;45557.17245856972;
company;32;45629.81737437355;
selective;45;45692.16147233109;
evenly;31;45746.88365984361;
anomaly;12;45872.62800385253;
scientific;17;45973.090779306156;
mere;11;46026.5997702729;
practically;14;46049.312250776515;
skill;33;46176.615750256366;
autonomy;39;46412.17381348474;
awareness;29;46501.49326178353;
tech;19;46575.44964628259;
compound;50;46609.05413427163;
discriminate;23;46630.515967369254;
notably;15;46860.5278900278;
center;14;47048.43830536193;
emergence;18;47052.878542924685;
uncertain;71;47073.318054799114;
coherent;31;47095.9427299831;
market;44;47267.80832775587;
recipient;38;47271.83837778236;
expose;54;47281.261635128656;
reserve;71;47340.1030907793;
repository;64;47352.41600936717;
valuation;645;47380.59845097449;
behavioral;39;47498.28592713733;
overlie;216;47602.27821465831;
widespread;16;47645.38143009573;
spatial;153;47704.26829691783;
bracket;17;47765.199637007434;
navigation;27;47828.20792528823;
expire;25;47911.61693302446;
neural;34;48134.61005159956;
edit;72;48183.7822638211;
enforcement;25;48199.30019603973;
enhancement;27;48361.16744553256;
attitude;35;48423.62305908053;
monetary;32;48500.70028033236;
derivation;30;48552.47503795395;
security;480;48554.2390690413;
positively;19;48573.13588031634;
isolation;35;48616.3970568812;
normalisation;65;48631.136564451954;
remarkable;12;48706.43601402701;
principal;144;48752.47682620432;
resultant;13;48781.99092221779;
deadline;151;48798.96625475073;
pseudo;30;48883.1305333735;
continually;13;48923.300126290545;
illustrative;12;48994.8432305448;
timely;24;49005.211037289104;
ibm;33;49069.80042086955;
loss;51;49085.82302999363;
instrument;21;49117.84437621226;
objectively;11;49133.89704278296;
deduce;13;49134.103990098585;
command;113;49174.423028806414;
transportation;46;49205.29436233663;
acceptance;27;49237.06656001472;
unrealistic;12;49270.45541914066;
rationality;79;49390.397481312415;
differential;45;49405.76419136208;
promote;25;49479.54140207734;
triple;79;49488.73440549208;
exercise;51;49564.62017710357;
consult;11;49568.368440423066;
trajectory;154;49781.76571397195;
keyword;367;49792.53833014515;
adequately;10;49851.92003478555;
incident;18;49910.1109902455;
modest;11;49934.06754392343;
judgment;380;49964.10299283364;
lesser;35;50026.605497126184;
genetic;37;50032.62159434764;
manual;41;50189.50648593219;
fit;32;50227.34927275345;
bypass;11;50255.95664123542;
cite;13;50276.245941562054;
mediate;29;50310.48852329103;
tactic;22;50344.15065675536;
concise;29;50421.54602036379;
drastically;14;50625.48372098545;
geometry;26;50680.846189691074;
right;12;50901.10084841721;
seller;645;50919.67522701876;
learn;14;50936.34635664391;
postulate;7;50992.01629162876;
analogy;13;51032.15077547737;
append;29;51141.185072784014;
rectangle;70;51166.18833467143;
account;11;51176.010573679625;
developer;20;51188.49178814649;
persistent;58;51203.15525723351;
anytime;26;51212.60578354305;
expertise;88;51269.10197479235;
substitution;56;51412.78964981457;
inspection;11;51471.135159080084;
impractical;14;51502.80862010884;
convince;14;51519.50518295805;
unused;9;51592.51988519581;
transmission;174;51975.09950685842;
estimator;27;51978.13008964996;
lastly;10;51989.148767591265;
elicit;114;52004.149098528884;
edition;18;52197.10028597166;
meeting;16;52251.38448421962;
mislead;16;52259.68964729173;
conform;38;52327.95750197004;
margin;55;52352.85714921725;
federal;16;52366.99620386351;
quote;46;52392.67985272534;
install;74;52431.34175913381;
remedy;11;52490.19756976031;
deal;23;52589.77639450139;
necessity;10;52900.773278048444;
histogram;29;52934.15577961038;
predicate;53;52980.45857417826;
uniquely;34;52981.81410655004;
truthfully;72;53018.70400523564;
visualize;16;53064.11409927832;
judge;68;53146.05308654984;
rationale;11;53267.63319497272;
causal;38;53317.79455006582;
orient;31;53477.06898045984;
predictive;29;53562.40344709376;
origin;50;53593.780333104296;
geographic;84;53623.53182121058;
student;69;53646.270150465316;
socially;25;53658.045912771966;
achievement;16;53727.307255547654;
critique;29;53828.12385080798;
apparent;27;53843.180059746854;
circular;22;53856.28664392151;
detrimental;9;53861.86310461042;
inversely;12;53867.376249363726;
reorder;22;53954.539296245566;
temporarily;13;53999.61743314096;
behalf;34;54001.80524840356;
logarithm;17;54132.958444326054;
reconstruct;18;54153.11824861281;
foster;33;54220.38371549456;
annotate;45;54395.87125932895;
medical;28;54497.98312663336;
value;27;54613.47059181442;
qualitatively;12;54722.865471630634;
style;28;54741.23641115215;
merit;11;54834.11162392427;
examination;17;54969.73552741514;
multi;21;54990.59792266151;
truthful;253;55728.277198101045;
profitable;46;55870.19919031585;
insertion;82;55974.170410614934;
consensus;69;55978.49844251554;
collectively;16;56059.97855286766;
periodic;57;56071.285455217316;
summation;21;56089.756968611386;
political;41;56153.81522995712;
number;17;56267.167064138084;
institutional;61;56308.41470639303;
evolutionary;32;56363.09068581257;
coordinator;76;56410.8187248365;
activation;12;56430.08107971738;
revise;33;56563.16630431718;
cohen;23;56623.26550101433;
vulnerable;23;56733.05477685455;
penalize;29;56824.01960248901;
negotiate;107;56865.391757427176;
inadequate;17;56881.259008404035;
clique;77;56939.67489162906;
dictionary;34;56954.62087607944;
token;144;57026.292723972794;
worthwhile;10;57068.72069458316;
algebraic;29;57097.77834747857;
deng;19;57240.70804772031;
stabilise;19;57309.34359042091;
bidder;1072;57311.328819917995;
unavoidable;9;57444.56163379303;
succinct;17;57465.217607068706;
transport;75;57532.268877171686;
engage;50;57591.608156499366;
visualization;14;57749.20802917;
remarkably;10;57761.14377087838;
unrelated;30;57784.66696396638;
prime;43;57906.76440357769;
elimination;52;57940.2306041615;
continuity;16;58131.23090393459;
personalize;62;58137.7172887453;
branch;34;58265.14337612767;
article;123;58280.56971876238;
ineffective;15;58516.901577964;
angle;38;58691.06391102972;
spawn;52;58723.89165428742;
signature;15;58728.78784078784;
ample;12;58744.9504765947;
amenable;8;58749.79930043052;
mistake;21;58776.23480840492;
informal;14;58790.04524644465;
intention;163;58808.71562812109;
reiterate;12;58847.63643014768;
syntactic;42;59037.23711161205;
infinitely;15;59038.755722030204;
adoption;25;59105.23545247187;
instantaneous;42;59231.44198129238;
op;32;59238.33940992189;
underestimate;16;59286.04182576654;
restrictive;18;59296.61450812726;
threat;65;59352.05505585129;
commercially;7;59353.07035318316;
indistinguishable;22;59402.67053749909;
predetermine;18;59415.55066091063;
surplus;129;59427.86754332983;
departure;49;59572.946112076555;
scalar;16;59574.34035079388;
unaffected;12;59594.278517399456;
assert;23;59631.1352421855;
half;11;59631.81791159068;
outstanding;28;59645.91532152148;
sensitivity;65;59656.25847267093;
advantageous;14;59720.87546802445;
optional;13;59806.63046585035;
entropy;111;59912.13976252628;
reproduce;11;59968.25262264355;
staff;17;60047.010802219505;
register;52;60092.31001583455;
fractional;74;60178.36133639438;
inability;13;60269.69954573988;
color;95;60284.95472239082;
deem;24;60399.021585146686;
unreasonable;10;60400.43024562101;
unreliable;17;60415.78682423057;
accompany;13;60479.84323499688;
archive;42;60593.87079037699;
auxiliary;23;60615.49624467421;
mobility;78;60723.93426065122;
investment;25;60729.0353658048;
diagonal;36;60825.90759420221;
projection;96;60990.53539622731;
arc;131;61048.57057504493;
cumbersome;7;61136.81334821316;
packet;477;61148.84664528681;
intentionally;10;61149.63284029069;
synchronization;75;61199.0422769102;
supplier;61;61287.309365831505;
time;26;61423.19026984031;
sibling;38;61491.9096540292;
afford;9;61636.16023762212;
stanford;18;61848.40377951541;
manifest;36;62081.38222108117;
routine;28;62137.43860513502;
fusion;112;62268.46520183485;
poll;16;62333.748846541406;
rating;244;62369.729781269525;
architectural;20;62392.46332454296;
nonetheless;17;62451.26063192762;
numerically;13;62465.8538027404;
composition;61;62500.959187822686;
variability;31;62606.87583457868;
realization;33;62682.26962957247;
verification;18;62931.15346304703;
obstacle;26;63046.45023989268;
perturb;17;63052.86819630092;
incorporation;8;63144.58363743483;
reputation;234;63206.24576941513;
reliably;10;63218.942410917676;
unlimited;41;63325.918929186766;
retail;11;63476.89193476819;
innovative;13;63519.892427464554;
appearance;14;63535.3486405587;
mediator;200;63584.00625516626;
pair;27;63621.745369470336;
axis;41;63644.92347178794;
finance;30;63676.695160445386;
alignment;82;63719.18537849321;
geographical;73;63732.6529666406;
ambiguity;26;63864.690042042435;
sustain;14;63879.900726133535;
faculty;17;63939.41123377404;
intensive;17;64001.78403871525;
military;26;64222.61813953696;
activate;20;64262.778595310774;
restore;17;64620.6450315578;
constructive;9;64664.711308123704;
inefficiency;17;64898.02951132534;
witness;119;64939.354219009474;
neutral;25;64964.70573560904;
progressively;12;65183.17187237977;
invalidate;20;65271.47559149535;
elapse;39;65339.4509833893;
visual;50;65351.31084095257;
disagreement;10;65394.53772021079;
lai;12;65416.06198921707;
invalid;13;65514.55050508798;
severely;18;65548.65607122134;
workload;82;65567.74913889437;
prefix;39;65618.68406290487;
script;24;65632.98429604522;
revoke;10;66045.20730348167;
phrase;113;66054.43335168577;
localize;91;66152.67698113655;
derivative;23;66196.03174626731;
exemplify;13;66302.40114982273;
competitor;17;66323.48867466161;
math;19;66338.07086665588;
bilateral;52;66339.59112137397;
defer;10;66373.10699673367;
degradation;44;66373.62589802075;
diversity;22;66595.798622231;
compile;15;66758.92114335239;
susceptible;16;66777.68889637497;
elaborate;22;66824.84879563934;
contextual;36;66859.90986476079;
unspecified;10;66910.76829765984;
sensible;14;67136.01321672852;
forecast;61;67162.72094538342;
prohibitive;12;67170.78343026491;
denominator;11;67199.03556318015;
regulate;30;67265.81638749679;
innovation;68;67371.14574611593;
assertion;15;67511.70914589897;
logically;10;67531.24632592459;
flaw;11;67640.68323630282;
pertinent;10;67718.82216480693;
session;226;67772.897633425;
interconnect;19;67856.4762073658;
schema;31;68046.39594683035;
exclusion;13;68059.3907230616;
categorize;31;68216.98290996568;
temperature;48;68403.38134253825;
video;201;68560.14195443153;
supervise;32;68644.7219515525;
congestion;177;68735.33169892691;
reset;24;68763.97360661163;
bargain;50;68804.21290567685;
recovery;60;69025.33692121162;
punishment;37;69117.1197489623;
indifference;43;69318.01081409171;
proactive;12;69401.3434716989;
contiguous;12;69668.23384675659;
rigorous;10;69777.11594243762;
measurable;17;69860.1158059073;
radius;26;69883.10663166345;
elementary;14;69931.09195168607;
committee;14;70019.3776606717;
incorrectly;19;70025.97041002133;
vital;11;70049.87211857954;
intelligently;9;70061.12967263888;
firm;42;70077.9087769703;
probable;13;70097.2654520415;
premise;12;70168.38674735806;
enrich;15;70308.81847255222;
segmentation;136;70445.83375207578;
temporary;20;70506.42666763623;
resume;24;70628.22776522128;
feng;12;70654.96740190222;
internally;13;70800.28858354245;
intervention;9;70855.38679781492;
dissemination;56;70858.27972242792;
diagnose;14;70892.65164882621;
cutoff;22;70901.41163297681;
audio;57;70964.56892777694;
transitive;22;71153.38424677559;
persist;11;71241.49276908716;
pos;19;71358.6175770914;
meter;26;71397.00557399869;
persistence;20;71404.47514628779;
modular;36;71481.18148886313;
visibility;30;71889.88196657084;
learner;57;72096.60592304142;
abc;14;72175.08322264979;
fairness;95;72281.17097454451;
confine;7;72575.42922609569;
fluctuate;11;72588.79948593366;
affair;9;72696.232223233;
predictable;17;72706.56600424727;
marketplace;29;72722.54571020252;
replication;160;72759.52414138011;
cognitive;114;72775.14788311224;
mesh;86;72975.75423948902;
probe;133;73029.1152345576;
conceptual;47;73029.3255179619;
circumvent;8;73101.70733242016;
soundness;10;73109.53683276371;
closeness;12;73182.04052576046;
abbreviation;38;73251.35946652261;
graphic;19;73358.27435767678;
ultimate;9;73377.56814717969;
psychology;13;73452.3942669138;
unacceptable;12;73564.98340117802;
airline;7;73646.1395636669;
collaborate;34;73659.90537113244;
endow;16;73827.57722941398;
compel;9;73860.11522565346;
multiplication;11;74016.75962204846;
justification;39;74129.61909524919;
unnecessarily;10;74331.10519661108;
unpredictable;15;74473.7467510978;
mechanic;8;74703.12290993599;
universally;6;74757.8165700319;
contradictory;8;74776.26491334035;
cyclic;14;74799.22055137473;
concretely;8;74956.8032078689;
unavailable;14;75044.05325127664;
accordance;18;75054.34691463738;
inspect;11;75138.67123795899;
disrupt;10;75260.77365499084;
neglect;9;75396.2663231643;
specialization;11;75523.56018241638;
compatibility;71;75572.64202195467;
confusion;14;75675.57790909753;
presumably;14;75724.65113980556;
supplement;14;75818.90056734283;
divergence;74;75861.09575821074;
square;21;75877.96324217955;
adversely;10;75944.21163980334;
signify;12;76038.0440369641;
dilemma;32;76052.28726869612;
pervasive;38;76071.53179004605;
excess;42;76072.18213886618;
adhere;13;76122.37599856347;
employee;24;76200.00684432428;
decade;13;76462.31533606493;
fluctuation;22;76522.61196599208;
diverge;9;76610.79944289694;
plausible;76;76853.23599859314;
normative;329;76969.58673607947;
power;13;77423.12972903183;
lend;5;77510.14829418722;
unbiased;10;77519.5683712675;
intact;12;77558.99381755097;
disjunction;27;77559.01153087588;
intermediary;16;77578.7663877194;
asynchronous;85;77589.11686550132;
influential;20;77620.65823047802;
disagree;16;77746.54216931837;
quantitatively;14;77768.04947740052;
duality;12;77861.67549562732;
willingness;47;77905.08615063153;
arrangement;24;78034.69204399244;
appreciate;14;78134.88115926113;
concave;56;78139.19909830629;
synchronous;44;78156.48498537493;
distributional;19;78267.36608379103;
enumeration;14;78275.59510746569;
nielsen;12;78279.58390455937;
interfere;12;78326.04263307626;
ascertain;7;78531.50044001348;
hand;7;78616.16765923219;
unsuccessful;11;78669.16316411983;
orientation;46;78808.61910563736;
handbook;14;78974.16022278187;
readability;10;79210.04373422296;
mini;16;79236.49474729277;
manufacture;11;79349.87202360194;
visually;7;79389.80983700951;
philosophy;9;79522.83162546765;
uniqueness;11;79534.84748376106;
intensity;14;79551.42745120154;
abuse;16;79654.5751473266;
reinforce;6;79659.15858738609;
notify;64;79750.4637860748;
hypothetical;12;79826.96639573314;
optimistic;36;79828.85722638656;
broke;103;79915.88115184101;
insurance;29;80138.6474505189;
copy;16;80211.58341928312;
dissimilar;10;80230.47197047384;
usable;8;80329.32430106122;
overestimate;23;80338.43459529891;
approve;26;80434.58752558088;
dispatch;33;80854.37009362715;
lattice;30;80929.45927463815;
replica;322;80952.27803212321;
gradient;44;80998.92555832739;
desire;23;81157.25050197153;
prohibit;23;81207.24882799109;
contingency;12;81362.86610234134;
parallelism;58;81537.40177904943;
twofold;9;81550.91360747236;
assistant;28;81645.7220806627;
deter;9;81745.86603110813;
establishment;45;81818.35547597882;
connector;75;81913.68827456841;
subscribe;89;82152.42422344671;
prominent;9;82281.20261099396;
generator;16;82310.40687222395;
psychological;23;82339.68263675664;
stipulate;10;82445.72587679919;
efficacy;10;82536.4551742765;
motion;24;82608.65357063885;
inexpensive;12;82753.88578941979;
posterior;39;82936.57962611469;
scene;66;83073.92451357364;
surveillance;28;83247.86270985972;
agenda;79;83252.38675181015;
epidemic;115;83279.77786962246;
contractual;8;83334.56879273066;
interdependent;8;83405.4688837014;
unrestricted;23;83435.48352806218;
enlarge;6;83477.1445485076;
inductively;15;83491.75714372635;
microeconomic;19;83565.4739932002;
geographically;23;83662.35467015313;
pessimistic;21;83667.63816052108;
breakdown;12;83681.02674807039;
certainty;18;83800.59996764825;
discrimination;17;83835.73263505001;
specially;7;83943.15964994814;
pointer;29;83981.75600547902;
compress;44;84154.36664920463;
accelerate;15;84305.57572758046;
introductory;6;84319.93083848909;
circuit;18;84356.26540900477;
menu;11;84375.53372818297;
diffusion;54;84562.34763142157;
informative;92;84786.15473930871;
customize;12;85200.29484761287;
premium;16;85327.04502384087;
calibrate;17;85464.5920830223;
inappropriate;19;85588.14826895879;
grow;8;85598.7048273856;
provision;58;85651.04631197474;
manufacturer;33;85758.65089345738;
back;7;85788.1145875226;
registration;9;85817.33991449047;
complication;10;86165.14524451541;
metaphor;15;86296.93572835215;
theme;15;86299.7163463893;
mandatory;11;86494.46474030301;
inflict;19;86526.8209671986;
vulnerability;13;86746.42638270339;
organisation;16;87020.77578308301;
rectify;6;87027.34320457435;
zone;242;87045.757476148;
differentiation;10;87131.89797771885;
opponent;93;87390.85918381582;
broaden;7;87405.85564441569;
attributable;5;87432.47813659858;
ministry;11;87509.88000914159;
ordinal;14;87602.50638798652;
sub;25;87764.24032452663;
artificially;7;87953.00597913757;
controller;115;88073.0483450893;
ensemble;33;88744.87846278732;
conveniently;4;88788.5379977235;
marginally;8;89056.57366033334;
infinity;11;89087.72858069313;
ownership;18;89263.40412084121;
tremendous;6;89482.86444468518;
coherence;39;89734.33030691126;
correspondingly;9;89875.6287785137;
sector;26;90022.57223121707;
extrapolation;9;90076.4388039944;
preclude;14;90222.85504932157;
disconnect;18;90239.76144739946;
contend;9;90294.05466852071;
voluntary;26;90336.24324508825;
regulation;8;90340.29686737119;
prevalent;11;90363.89193328416;
interchangeable;6;90564.40239788794;
lab;25;90697.25066224625;
pareto;65;90793.14590342261;
interior;19;90887.46035055643;
commodity;9;91037.82487166893;
imbalance;16;91070.34328619574;
embody;5;91090.08254741832;
resilient;19;91106.65954087228;
gross;6;91225.55122929228;
subscript;13;91284.53452065244;
disruption;14;91332.6864670257;
massive;11;91390.72035028931;
residual;22;91488.8978456406;
vendor;20;91498.4455206925;
quarterly;8;91534.0148461882;
salient;7;91953.115728738;
city;17;92027.13589812463;
notification;74;92458.69319708004;
regional;8;92490.22943029756;
automation;8;93130.20775610936;
externally;15;93318.19668973336;
rationally;12;93498.50443946142;
obligation;68;93673.29648300866;
advertiser;152;93896.53330523579;
synthetic;17;94319.48663412694;
preferential;17;94446.55241651245;
programmer;20;94851.69544537822;
decline;14;94861.97489177746;
conservation;8;95009.40081146499;
scarcity;5;95103.79325302778;
upgrade;6;95125.56890848462;
directory;91;95298.13184376777;
barrier;65;95530.8785429247;
axiom;170;95696.88514535285;
transient;12;95708.73145821801;
allowable;11;95790.72590944775;
continuum;10;95910.23224400936;
speculate;20;95911.92956371143;
predecessor;62;95930.11383660586;
intrusion;64;95986.45302243995;
threefold;7;96094.15285162865;
slow;8;96110.95429202351;
necessitate;7;96123.08256077454;
saturate;18;96133.14607111746;
instruction;8;96239.48416470899;
questionable;7;96327.48746369703;
zhou;18;96615.79953193845;
buyer;630;96673.60559507184;
homogenous;8;96996.66864536695;
deteriorate;11;97099.28264298954;
strive;11;97126.32939275172;
reciprocal;27;97251.45596674597;
philosophical;6;97295.87128900946;
revelation;66;97427.36922250435;
avoidance;7;97527.83388563804;
serial;19;97629.60492874453;
graphically;14;97681.94362930238;
superiority;8;97767.86409000316;
refute;6;97786.97588013826;
divisible;87;97965.02241471678;
producer;80;98077.41487853996;
mathematically;9;98199.7789915455;
preparation;10;98400.9700078505;
collision;13;98655.73423482919;
trustworthy;7;98725.01804574656;
buff;42;98894.72015142994;
fraud;6;99125.96936823563;
integrity;23;99727.00082660204;
documentation;24;99847.46369554926;
collusion;30;99918.74800658313;
campaign;28;99927.67066067319;
satellite;64;100097.7714972182;
abort;133;100177.94819713198;
biological;24;100196.35502631919;
numeric;11;100242.87362634916;
ingredient;9;100408.48617111107;
invest;18;100512.90514259256;
revision;23;100755.12526211595;
impression;11;100890.878090297;
maker;63;101158.75159792414;
prompt;6;101172.91859082902;
clause;124;101341.4098951833;
commission;5;101364.90921475775;
disregard;7;101716.76340186068;
anonymity;16;101847.57291832073;
strengthen;24;101920.77721961941;
lifetime;21;102057.87403594013;
abbreviate;10;102153.41230969231;
cheat;98;102316.52134696064;
unwanted;9;102356.80752786629;
alpha;18;102431.52563134143;
guidance;18;102649.53389884587;
synonym;24;102703.50052460292;
equate;8;102843.38797464692;
detector;22;102935.31037942073;
reactive;26;103031.3884806995;
corporate;5;103201.03497995823;
invert;74;103235.06756915187;
discrepancy;7;103361.08970041983;
passive;8;103627.92446756885;
listener;31;103920.18138052929;
reconstruction;17;103942.96560029562;
analog;19;104020.23624048925;
administrator;18;104394.39071267343;
intellectual;5;104507.12901521572;
instrumentation;7;104604.18932600027;
linguistic;33;104670.64091487187;
relay;56;104825.14706096228;
factorial;12;104832.61029052762;
symbolic;48;104943.12267397599;
guideline;21;105411.1694370944;
familiarity;9;105431.53747386261;
installation;28;105590.73624716737;
unstable;8;105701.63686645108;
microsecond;11;105746.96482266641;
migration;118;105797.36485501815;
backup;39;105934.29449293084;
partnership;75;106159.71902060272;
person;8;106463.33218568718;
favorably;5;106526.5243343034;
forthcoming;16;106599.39342992358;
comparatively;6;106617.02017383871;
dispersion;8;106829.63284771082;
quadrant;8;106859.71797881702;
knowledgeable;6;107253.43301184401;
apparatus;6;107540.00434670984;
vocabulary;77;107596.1549619125;
interim;16;107658.162997909;
inaccurate;17;107679.59846136266;
stimulate;8;107687.75631118822;
mutation;18;107700.77006958594;
reflective;6;107846.18696194811;
progressive;6;108149.00802115626;
personality;22;108331.8332593794;
literal;90;108438.18321478445;
protection;59;108591.4588294306;
stimulus;8;108601.00772138317;
redistribute;72;108639.24409691872;
centrally;6;108666.21610820324;
transit;62;108947.40855659256;
practicality;5;109355.72180463401;
contention;14;109459.59859640895;
subject;5;109551.7808807096;
nominal;9;109636.43313353407;
exert;46;109957.53138935924;
atom;32;110794.97501940363;
subsystem;21;110876.5925415861;
credibility;12;110909.00435709802;
composite;8;111089.32652561502;
neutrality;11;111305.21329003938;
educational;10;111317.46191026694;
computerize;7;111340.12907754477;
criticism;6;111454.45551411828;
pertain;11;111802.57467837463;
anneal;14;111808.65872762646;
drastic;11;111869.93353199484;
photo;130;111899.29948964373;
prerequisite;5;112151.66604090271;
annotation;35;113014.60837910314;
audit;6;113264.8559159923;
commitment;599;113280.41189861733;
occupation;15;113325.58158205991;
adaptability;6;113530.02953210169;
economical;5;113578.22158128822;
employment;7;113729.18697233629;
administrative;41;113803.99734953097;
understate;7;113812.32822482388;
comply;33;114324.34675733071;
alert;23;114382.5842829858;
readable;14;114409.96193623738;
emergency;20;114939.28778216885;
obsolete;12;114945.42146761189;
linkage;10;116040.89587485512;
simplistic;7;116204.0084411354;
subdivide;8;116560.44867127803;
book;6;116833.13033599815;
fulfillment;13;116949.55448079151;
standardise;17;117035.22842709652;
corpus;242;117148.00685768049;
inv;37;117225.0540852988;
inferior;10;117426.74735806412;
deficit;13;117635.31309667088;
router;26;117710.04441093846;
irregular;10;117793.48026023866;
retention;6;117877.24179816367;
weaken;7;118201.8699548708;
rhetorical;7;118814.86428886253;
syntax;57;118847.64866890358;
inductive;44;119301.92001846127;
contingent;15;119330.4058690229;
identifiable;5;119596.54947369047;
citation;17;119952.01902371917;
exponent;8;120180.88167866996;
parity;15;120390.28140382849;
proximity;82;120812.20974915521;
patient;55;120858.72255258272;
digit;13;121476.4296920796;
follower;120;121625.67067254538;
reinforcement;26;121747.833706071;
alliance;28;122034.42366842128;
unimportant;8;122774.30450119686;
credible;6;123200.56506485931;
pragmatic;7;123266.35514355717;
inventory;16;123277.07332865371;
defect;64;123509.13907839067;
preservation;6;123615.13559835154;
violation;30;123700.51628643468;
infrequently;8;123972.89176113725;
restate;6;124087.41341677512;
attainable;7;124127.1048270888;
registry;130;124452.18221306744;
liability;8;124525.84998879561;
expenditure;6;124559.41556861169;
intentional;10;124695.51850505236;
negate;7;124915.91892770275;
eventual;13;125435.47474263293;
minimally;9;125581.89180417397;
certificate;36;125867.4179356319;
historically;4;126123.08834253676;
def;62;126522.513009707;
pac;10;126737.23161329865;
appraisal;5;126750.57040586605;
involvement;4;126776.6164240038;
governmental;4;126833.32659091213;
opposition;35;126985.90017110811;
defection;23;127335.25283337514;
enact;37;128308.24487454793;
coexist;9;128393.54060367178;
verifiable;11;128615.94331468904;
overly;11;128661.75178639535;
layout;21;128753.55105120926;
dialogue;260;129075.07290719055;
interrelate;11;129328.18355017414;
search;12;129726.44808508806;
emit;41;130058.01351056552;
byte;51;130323.60093078061;
pixel;53;130462.87185887514;
caption;120;130672.05142295758;
message;11;131133.80605571327;
procurement;195;131937.52319605605;
veto;17;132016.51802868026;
economist;9;132190.65976941216;
truncate;15;132619.0887209632;
compression;48;133458.7688185527;
administer;6;133557.53143388;
tentative;28;133616.73407455446;
presume;7;133874.10583028983;
mandate;6;134031.77982259964;
facet;29;134252.7497933495;
percentile;13;134292.64007342956;
level;14;134370.42440152974;
workstation;17;134523.92333228956;
asset;19;134572.61186804643;
lexical;45;135308.0264601695;
space;8;135394.3029963953;
benign;28;135516.10649068106;
err;31;135698.18991367426;
leadership;30;136558.99225042036;
leader;9;136782.1781127058;
continuation;13;137219.6816038751;
principled;20;137398.83422251177;
holistic;5;137708.4880973758;
envisage;9;138105.5075232658;
qualification;6;138777.42328851082;
decode;20;139321.9195717697;
unilateral;10;139422.70599531344;
distortion;25;139758.79152710646;
voter;128;140327.31226561675;
stance;8;141143.99542178222;
gene;60;141157.71160641278;
concession;26;141314.59328508272;
template;22;141367.8500585448;
reading;14;141515.44837002092;
beta;31;141691.20294489962;
art;9;141715.94622486248;
advice;32;142200.79484835488;
stabilization;13;142480.77348432795;
gradual;5;142698.57273133355;
negotiator;69;142715.33734564282;
monopoly;7;142870.49904502978;
initiative;11;143275.12910128917;
recalculate;6;143470.18217151472;
homogeneity;9;144477.55334996432;
planner;27;144611.30374879608;
draft;8;145069.5557986059;
redistribution;98;146093.45514608003;
hoc;7;146181.92005110983;
accessibility;7;146344.46476107935;
deliberate;7;147064.25209284655;
reusable;13;147257.08826091536;
par;15;148147.31474393886;
ontology;203;148534.31990686257;
weakness;7;148567.382210693;
attachment;9;148780.15150561777;
thread;15;148984.57234697102;
package;6;149137.4772432154;
cue;14;149401.20089546082;
specificity;22;150314.83276223097;
determinant;6;150759.3846192659;
listing;6;150889.32363324988;
fruitful;7;151309.53040099845;
containment;64;151951.2343127405;
deliberation;28;152023.52807998302;
approval;11;152041.3502952468;
concede;14;152056.16306023806;
unstructured;15;152116.9115031246;
writer;23;152364.94780238127;
acoustic;44;152507.58135055198;
arbitrator;13;153781.0829228767;
interplay;7;155594.03563886543;
undesired;5;155891.6409875891;
battery;79;156175.28572085782;
lengthy;6;157433.28864290347;
combat;19;158087.01805168265;
directional;8;159055.81489159938;
confidential;4;159370.90879032653;
communicative;14;159396.9143331607;
anarchy;73;161647.3206844918;
sensory;14;162766.12496679495;
desirability;7;163707.84312072693;
contractor;14;164326.88520916592;
alteration;4;164356.47704435603;
positional;21;165113.7276264649;
exploratory;41;165858.571932928;
repetitive;4;165891.44403369926;
moral;8;166333.76221612454;
payload;19;166477.34727822358;
referral;41;166715.9049140527;
spherical;19;167712.23117847927;
pathology;21;168100.32551350983;
negation;33;168721.58263423378;
bilingual;27;168961.27374477437;
real;2;169023.90229771624;
tier;48;169025.5248893288;
fitness;81;169311.97973563574;
dispatcher;25;170479.98473828472;
turnover;38;170663.2247823306;
productivity;12;172989.79331387283;
plurality;21;174156.82197781975;
title;3;176003.31358936726;
utilitarian;20;176357.82345442486;
vertically;7;177768.89892452693;
searcher;86;178234.0902524772;
impossibility;23;178551.87039414226;
uniformity;26;180235.98510632297;
batch;4;180673.6819229405;
omission;6;181164.15985177556;
interference;8;181341.61254179385;
primal;45;181584.98854184136;
partner;2;181751.998527847;
authoritative;32;183311.8080710195;
tao;18;184758.50772509322;
broker;59;184838.58498047764;
interdependence;5;185856.82717932813;
causality;26;186210.06367803775;
chart;2;186412.5684410167;
equity;36;186418.10891112618;
buy;19;187153.8785785413;
multilateral;19;187239.91878226827;
optical;12;189572.8550567417;
amplitude;16;191736.6875548162;
lag;47;192139.13570520136;
redirect;12;192359.944785358;
instability;11;193044.11917316052;
ambiguous;39;193369.64090448368;
indivisible;72;193600.96428544927;
accountability;31;194337.91082047301;
responsive;10;196295.8974167573;
license;29;197109.23330805544;
spectral;29;199330.93810724455;
altruistic;24;199455.56822138093;
undercut;53;199523.43094459688;
incompatible;15;199736.22333095394;
attention;2;199766.03814835206;
perimeter;31;203466.16876334694;
factual;7;204828.8931249564;
snippet;180;207918.72297998198;
author;13;209431.54470551744;
folder;25;209989.35767975627;
discriminative;30;210860.2163753278;
ma;138;212503.9445850146;
contributor;10;213057.4442429468;
polygon;16;213574.7796563888;
dominance;124;215087.60368661542;
subscriber;67;215288.83418541113;
politic;24;215345.9322394089;
single;3;215728.93645849256;
economically;10;215952.16534415286;
far;5;222896.10447092276;
truthfulness;56;223196.36000373974;
font;36;223553.63850629894;
topical;54;223876.35318019183;
duplication;12;227412.18099023067;
mediation;44;230561.84757280257;
donation;45;232103.14632933785;
unconditional;16;232582.1876505358;
service;10;236556.66476612506;
deviant;8;237877.28009937034;
outlook;7;241428.80067463787;
sanction;17;246342.502237168;
compliance;6;250740.91301831434;
mental;64;258793.58666781432;
incumbent;73;266628.49598793784;
screen;4;286476.6895849627;
prohibition;84;312150.30878706166;
impedance;23;315748.8579535589;
task;3;323910.0205225846;
counter;3;324473.77454985806;
clarification;19;332177.945959222;
uniform;2;333957.161053836;
withdrawal;50;334090.2396285188;
extortion;58;334301.70189198374;
perceptual;19;334699.5868043446;
apa;44;335231.3115785131;
side;2;335710.1871504193;
matt;1;336922.0;
quasi;1;336922.0;
height;1;336922.0;
truth;1;336922.0;
stable;1;336922.0;
team;1;336922.0;
unknown;1;336922.0;
question;1;336922.0;
field;1;336922.0;
cost;1;336922.0;
pay;1;336922.0;
self;1;336922.0;
plane;1;336922.0;
